id,name,category,price,stock,created_at
1,Wireless Mouse,Electronics,29.99,150,2024-01-15
2,Mechanical Keyboard,Electronics,89.99,75,2024-01-16
3,USB-C Hub,Electronics,49.99,200,2024-01-17
4,Webcam HD,Electronics,79.99,50,2024-01-18
5,Noise-Canceling Headphones,Electronics,149.99,30,2024-01-19
6,Standing Desk,Furniture,499.99,25,2024-01-20
7,Ergonomic Chair,Furniture,399.99,40,2024-01-21
8,Monitor Arm,Accessories,59.99,100,2024-01-22
9,Laptop Stand,Accessories,39.99,120,2024-01-23
10,Tablet Stand,Accessories,29.99,80,2024-01-24
11,Wireless Charger,Electronics,34.99,180,2024-01-25
12,Power Bank,Electronics,44.99,90,2024-01-26
13,Bluetooth Speaker,Electronics,69.99,60,2024-01-27
14,Smart Watch,Electronics,199.99,45,2024-01-28
15,Fitness Tracker,Electronics,99.99,70,2024-01-29
